Protocol,Session,Target_Temp_C,Nominal_Pressure_PSI,N_balls,N_drops,Mean_Surface_Temp_C,Mean_Pre_Impact_Press_PSI,Mean_Release_Height_m,Mean_Rebound_Height_m,Rebound_Height_SD_across_drops_m,Mean_COR_from_ball_means,COR_SD_across_drops,COR_SD_across_ball_condition_means
Matched counterbalanced,Session 2,0,10.000000,3,9,,9.972222,2.499889,1.576556,0.018941,0.794122,0.004855,0.005564
Matched counterbalanced,Session 2,20,10.000000,3,9,,10.008889,2.499000,1.639444,0.017861,0.809956,0.004246,0.004874
Matched counterbalanced,Session 2,40,10.000000,3,9,,10.000000,2.500000,1.708333,0.015628,0.826622,0.003942,0.004504
Matched pressure,Session 1,0,10.000000,3,9,0.666667,9.986667,2.499667,1.576333,0.019736,0.794089,0.005069,0.005733
Matched pressure,Session 1,20,10.000000,3,9,20.000000,9.992222,2.499667,1.639000,0.018702,0.809733,0.004796,0.005531
Matched pressure,Session 1,40,10.000000,3,9,38.822222,10.026667,2.499444,1.702778,0.019709,0.825389,0.004701,0.005308
Operational baseline checks,Session 2,20,10.000000,3,3,,9.980000,2.500000,1.644333,0.015567,0.811000,0.003816,0.003816
Sealed factorial,Session 1,0,6.000000,3,15,0.880000,4.687333,2.498867,1.337800,0.012480,0.731660,0.003541,0.004045
Sealed factorial,Session 1,0,10.000000,3,15,0.593333,8.428000,2.498267,1.506600,0.016141,0.776547,0.004270,0.005037
Sealed factorial,Session 1,0,14.000000,3,15,0.926667,12.145333,2.498000,1.663467,0.018165,0.815973,0.004533,0.005337
Sealed factorial,Session 1,20,6.000000,3,15,20.000000,6.004667,2.498733,1.436333,0.012494,0.758173,0.003183,0.003744
Sealed factorial,Session 1,20,10.000000,3,15,20.000000,10.013333,2.498867,1.646533,0.015450,0.811720,0.003807,0.004490
Sealed factorial,Session 1,20,14.000000,3,15,20.000000,14.012667,2.499200,1.815200,0.017753,0.852233,0.004071,0.004813
Sealed factorial,Session 1,40,6.000000,3,15,38.460000,7.281333,2.499600,1.527600,0.013114,0.781747,0.003444,0.004072
Sealed factorial,Session 1,40,10.000000,3,15,38.440000,11.617333,2.499600,1.781867,0.011451,0.844307,0.002680,0.003168
Sealed factorial,Session 1,40,14.000000,3,15,38.613333,15.896667,2.498400,1.943667,0.019338,0.882007,0.004358,0.005154
