Drop_ID,Protocol,Target_Temp_C,Target_Press_PSI,Ball_ID,Trial_Num,Time_Out_Chamber_min,Surface_Temp_C,Pre_Impact_Press_PSI,Post_Impact_Press_PSI,Release_Height_m,Rebound_Height_m,Calculated_COR_e,Video_Filename,Annotator1_h0_m,Annotator1_h1_m,Annotator2_h0_m,Annotator2_h1_m,Diff_h0_m,Diff_h1_m
10,Factorial_3x3_Sealed,0,6,Ball_B,5,1.0,0.6,4.66,4.64,2.495,1.354,0.7366,VID_20260926_093050_Ball_B_D5.mp4,2.495,1.354,2.496,1.355,0.001,0.001
16,Factorial_3x3_Sealed,0,10,Ball_A,1,0.8,0.5,8.42,8.4,2.497,1.503,0.7758,VID_20260926_094832_Ball_A_D1.mp4,2.497,1.503,2.498,1.504,0.001,0.001
19,Factorial_3x3_Sealed,0,10,Ball_A,4,0.9,0.5,8.42,8.4,2.491,1.494,0.7745,VID_20260926_095723_Ball_A_D4.mp4,2.491,1.494,2.491,1.494,0.0,0.0
20,Factorial_3x3_Sealed,0,10,Ball_A,5,0.8,0.5,8.42,8.4,2.493,1.498,0.7752,VID_20260926_100040_Ball_A_D5.mp4,2.493,1.498,2.492,1.498,-0.001,0.0
31,Factorial_3x3_Sealed,0,14,Ball_A,1,1.8,1.1,12.16,12.14,2.493,1.66,0.816,VID_20260926_103347_Ball_A_D1.mp4,2.493,1.66,2.492,1.66,-0.001,0.0
34,Factorial_3x3_Sealed,0,14,Ball_A,4,2.1,1.3,12.17,12.15,2.496,1.657,0.8148,VID_20260926_104238_Ball_A_D4.mp4,2.496,1.657,2.498,1.658,0.002,0.001
43,Factorial_3x3_Sealed,0,14,Ball_C,3,1.4,0.9,12.14,12.12,2.502,1.646,0.8111,VID_20260926_110911_Ball_C_D3.mp4,2.502,1.646,2.501,1.648,-0.001,0.002
46,Factorial_3x3_Sealed,20,6,Ball_A,1,2.3,20.0,5.98,5.96,2.494,1.429,0.757,VID_20260926_111802_Ball_A_D1.mp4,2.494,1.429,2.494,1.427,0.0,-0.002
56,Factorial_3x3_Sealed,20,6,Ball_C,1,2.4,20.0,6.06,6.04,2.5,1.428,0.7558,VID_20260926_114852_Ball_C_D1.mp4,2.5,1.428,2.499,1.425,-0.001,-0.003
71,Factorial_3x3_Sealed,20,10,Ball_C,1,2.0,20.0,10.04,10.02,2.501,1.63,0.8073,VID_20260926_123307_Ball_C_D1.mp4,2.501,1.63,2.5,1.63,-0.001,0.0
77,Factorial_3x3_Sealed,20,14,Ball_A,2,0.9,20.0,14.02,14.0,2.501,1.816,0.8521,VID_20260926_125149_Ball_A_D2.mp4,2.501,1.816,2.501,1.815,0.0,-0.001
79,Factorial_3x3_Sealed,20,14,Ball_A,4,2.0,20.0,14.04,14.02,2.5,1.815,0.8521,VID_20260926_125723_Ball_A_D4.mp4,2.5,1.815,2.499,1.815,-0.001,0.0
85,Factorial_3x3_Sealed,20,14,Ball_B,5,1.8,20.0,14.03,14.01,2.502,1.838,0.8571,VID_20260926_131505_Ball_B_D5.mp4,2.502,1.838,2.5,1.838,-0.002,0.0
91,Factorial_3x3_Sealed,40,6,Ball_A,1,1.1,38.8,7.31,7.29,2.499,1.521,0.7802,VID_20260926_133347_Ball_A_D1.mp4,2.499,1.521,2.499,1.521,0.0,0.0
94,Factorial_3x3_Sealed,40,6,Ball_A,4,0.7,39.0,7.34,7.32,2.502,1.524,0.7805,VID_20260926_134238_Ball_A_D4.mp4,2.502,1.524,2.501,1.522,-0.001,-0.002
110,Factorial_3x3_Sealed,40,10,Ball_A,5,1.6,38.5,11.63,11.61,2.504,1.777,0.8424,VID_20260926_143010_Ball_A_D5.mp4,2.504,1.777,2.503,1.776,-0.001,-0.001
118,Factorial_3x3_Sealed,40,10,Ball_C,3,2.4,38.0,11.56,11.54,2.498,1.773,0.8425,VID_20260926_145426_Ball_C_D3.mp4,2.498,1.773,2.498,1.773,0.0,0.0
125,Factorial_3x3_Sealed,40,14,Ball_A,5,1.2,38.7,15.92,15.9,2.498,1.944,0.8822,VID_20260926_151525_Ball_A_D5.mp4,2.498,1.944,2.496,1.942,-0.002,-0.002
138,Matched_Pressure_10PSI,0,10,Ball_A,3,1.3,0.8,10.01,9.99,2.5,1.56,0.7899,VID_20260926_155406_MATCHED_Ball_A_D3.mp4,2.5,1.56,2.499,1.56,-0.001,0.0
141,Matched_Pressure_10PSI,0,10,Ball_B,3,0.5,0.3,9.95,9.93,2.497,1.603,0.8012,VID_20260926_160357_MATCHED_Ball_B_D3.mp4,2.497,1.603,2.497,1.603,0.0,0.0
147,Matched_Pressure_10PSI,20,10,Ball_A,3,1.6,20.0,10.02,10.0,2.501,1.643,0.8105,VID_20260926_162139_MATCHED_Ball_A_D3.mp4,2.501,1.643,2.5,1.642,-0.001,-0.001
154,Matched_Pressure_10PSI,40,10,Ball_A,1,1.0,38.7,10.03,10.01,2.499,1.699,0.8245,VID_20260926_164238_MATCHED_Ball_A_D1.mp4,2.499,1.699,2.498,1.7,-0.001,0.001
156,Matched_Pressure_10PSI,40,10,Ball_A,3,1.0,38.8,10.03,10.01,2.498,1.701,0.8252,VID_20260926_164812_MATCHED_Ball_A_D3.mp4,2.498,1.701,2.497,1.7,-0.001,-0.001
159,Matched_Pressure_10PSI,40,10,Ball_B,3,0.9,38.9,10.05,10.03,2.498,1.725,0.8309,VID_20260926_165703_MATCHED_Ball_B_D3.mp4,2.498,1.725,2.498,1.726,0.0,0.001
161,Matched_Pressure_10PSI,40,10,Ball_C,2,1.8,39.0,9.9,9.88,2.499,1.675,0.8187,VID_20260926_220337_MATCHED_Ball_C_D2.mp4,2.499,1.675,2.498,1.675,-0.001,0.0
