Drop_ID,Protocol,Target_Temp_C,Target_Press_PSI,Ball_ID,Trial_Num,Time_Out_Chamber_min,Surface_Temp_C,Pre_Impact_Press_PSI,Post_Impact_Press_PSI,Release_Height_m,Rebound_Height_m,Calculated_COR_e,Video_Filename
1,Factorial_3x3_Sealed,0,6,Ball_A,1,0.6,0.3,4.62,4.6,2.501,1.338,0.7314,VID_20260926_090317_Ball_A_D1.mp4
2,Factorial_3x3_Sealed,0,6,Ball_A,2,0.9,0.5,4.65,4.63,2.505,1.327,0.7278,VID_20260926_090634_Ball_A_D2.mp4
3,Factorial_3x3_Sealed,0,6,Ball_A,3,1.9,1.2,4.72,4.7,2.496,1.332,0.7305,VID_20260926_090951_Ball_A_D3.mp4
4,Factorial_3x3_Sealed,0,6,Ball_A,4,2.4,1.5,4.75,4.73,2.498,1.334,0.7308,VID_20260926_091208_Ball_A_D4.mp4
5,Factorial_3x3_Sealed,0,6,Ball_A,5,1.0,0.6,4.66,4.64,2.5,1.338,0.7316,VID_20260926_091525_Ball_A_D5.mp4
6,Factorial_3x3_Sealed,0,6,Ball_B,1,1.4,0.9,4.69,4.67,2.502,1.354,0.7356,VID_20260926_091842_Ball_B_D1.mp4
7,Factorial_3x3_Sealed,0,6,Ball_B,2,1.2,0.7,4.67,4.65,2.498,1.352,0.7357,VID_20260926_092159_Ball_B_D2.mp4
8,Factorial_3x3_Sealed,0,6,Ball_B,3,1.6,1.0,4.7,4.68,2.499,1.354,0.7361,VID_20260926_092416_Ball_B_D3.mp4
9,Factorial_3x3_Sealed,0,6,Ball_B,4,1.0,0.6,4.66,4.64,2.495,1.355,0.7369,VID_20260926_092733_Ball_B_D4.mp4
10,Factorial_3x3_Sealed,0,6,Ball_B,5,1.0,0.6,4.66,4.64,2.495,1.354,0.7366,VID_20260926_093050_Ball_B_D5.mp4
11,Factorial_3x3_Sealed,0,6,Ball_C,1,2.0,1.2,4.72,4.7,2.498,1.325,0.7283,VID_20260926_093307_Ball_C_D1.mp4
12,Factorial_3x3_Sealed,0,6,Ball_C,2,1.5,0.9,4.69,4.67,2.498,1.328,0.7291,VID_20260926_093624_Ball_C_D2.mp4
13,Factorial_3x3_Sealed,0,6,Ball_C,3,2.2,1.4,4.74,4.72,2.498,1.327,0.7288,VID_20260926_093941_Ball_C_D3.mp4
14,Factorial_3x3_Sealed,0,6,Ball_C,4,1.8,1.1,4.71,4.69,2.5,1.324,0.7277,VID_20260926_094258_Ball_C_D4.mp4
15,Factorial_3x3_Sealed,0,6,Ball_C,5,1.2,0.7,4.67,4.65,2.5,1.325,0.728,VID_20260926_094515_Ball_C_D5.mp4
16,Factorial_3x3_Sealed,0,10,Ball_A,1,0.8,0.5,8.42,8.4,2.497,1.503,0.7758,VID_20260926_094832_Ball_A_D1.mp4
17,Factorial_3x3_Sealed,0,10,Ball_A,2,1.1,0.7,8.43,8.41,2.502,1.504,0.7753,VID_20260926_095149_Ball_A_D2.mp4
18,Factorial_3x3_Sealed,0,10,Ball_A,3,1.4,0.9,8.45,8.43,2.501,1.503,0.7752,VID_20260926_095406_Ball_A_D3.mp4
19,Factorial_3x3_Sealed,0,10,Ball_A,4,0.9,0.5,8.42,8.4,2.491,1.494,0.7745,VID_20260926_095723_Ball_A_D4.mp4
20,Factorial_3x3_Sealed,0,10,Ball_A,5,0.8,0.5,8.42,8.4,2.493,1.498,0.7752,VID_20260926_100040_Ball_A_D5.mp4
21,Factorial_3x3_Sealed,0,10,Ball_B,1,1.3,0.8,8.44,8.42,2.499,1.529,0.7822,VID_20260926_100357_Ball_B_D1.mp4
22,Factorial_3x3_Sealed,0,10,Ball_B,2,0.6,0.3,8.41,8.39,2.496,1.529,0.7826,VID_20260926_100614_Ball_B_D2.mp4
23,Factorial_3x3_Sealed,0,10,Ball_B,3,1.3,0.8,8.44,8.42,2.498,1.528,0.7821,VID_20260926_100931_Ball_B_D3.mp4
24,Factorial_3x3_Sealed,0,10,Ball_B,4,1.4,0.9,8.45,8.43,2.498,1.526,0.7816,VID_20260926_101248_Ball_B_D4.mp4
25,Factorial_3x3_Sealed,0,10,Ball_B,5,1.2,0.7,8.44,8.42,2.496,1.527,0.7821,VID_20260926_101505_Ball_B_D5.mp4
26,Factorial_3x3_Sealed,0,10,Ball_C,1,0.6,0.4,8.41,8.39,2.502,1.492,0.7722,VID_20260926_101822_Ball_C_D1.mp4
27,Factorial_3x3_Sealed,0,10,Ball_C,2,0.7,0.4,8.42,8.4,2.5,1.49,0.772,VID_20260926_102139_Ball_C_D2.mp4
28,Factorial_3x3_Sealed,0,10,Ball_C,3,0.7,0.4,8.42,8.4,2.5,1.492,0.7725,VID_20260926_102456_Ball_C_D3.mp4
29,Factorial_3x3_Sealed,0,10,Ball_C,4,1.2,0.7,8.44,8.42,2.501,1.492,0.7724,VID_20260926_102713_Ball_C_D4.mp4
30,Factorial_3x3_Sealed,0,10,Ball_C,5,0.7,0.4,8.41,8.39,2.5,1.492,0.7725,VID_20260926_103030_Ball_C_D5.mp4
31,Factorial_3x3_Sealed,0,14,Ball_A,1,1.8,1.1,12.16,12.14,2.493,1.66,0.816,VID_20260926_103347_Ball_A_D1.mp4
32,Factorial_3x3_Sealed,0,14,Ball_A,2,1.3,0.8,12.14,12.12,2.504,1.666,0.8157,VID_20260926_103604_Ball_A_D2.mp4
33,Factorial_3x3_Sealed,0,14,Ball_A,3,1.6,1.0,12.15,12.13,2.502,1.662,0.815,VID_20260926_103921_Ball_A_D3.mp4
34,Factorial_3x3_Sealed,0,14,Ball_A,4,2.1,1.3,12.17,12.15,2.496,1.657,0.8148,VID_20260926_104238_Ball_A_D4.mp4
35,Factorial_3x3_Sealed,0,14,Ball_A,5,1.2,0.8,12.14,12.12,2.495,1.661,0.8159,VID_20260926_104555_Ball_A_D5.mp4
36,Factorial_3x3_Sealed,0,14,Ball_B,1,1.3,0.8,12.14,12.12,2.5,1.688,0.8217,VID_20260926_104812_Ball_B_D1.mp4
37,Factorial_3x3_Sealed,0,14,Ball_B,2,1.9,1.2,12.16,12.14,2.496,1.683,0.8211,VID_20260926_105129_Ball_B_D2.mp4
38,Factorial_3x3_Sealed,0,14,Ball_B,3,2.4,1.5,12.18,12.16,2.497,1.686,0.8217,VID_20260926_105446_Ball_B_D3.mp4
39,Factorial_3x3_Sealed,0,14,Ball_B,4,1.9,1.2,12.16,12.14,2.497,1.687,0.8219,VID_20260926_105703_Ball_B_D4.mp4
40,Factorial_3x3_Sealed,0,14,Ball_B,5,0.7,0.4,12.11,12.09,2.498,1.685,0.8213,VID_20260926_110020_Ball_B_D5.mp4
41,Factorial_3x3_Sealed,0,14,Ball_C,1,0.7,0.4,12.11,12.09,2.5,1.645,0.8112,VID_20260926_110337_Ball_C_D1.mp4
42,Factorial_3x3_Sealed,0,14,Ball_C,2,0.9,0.6,12.13,12.11,2.497,1.643,0.8111,VID_20260926_110654_Ball_C_D2.mp4
43,Factorial_3x3_Sealed,0,14,Ball_C,3,1.4,0.9,12.14,12.12,2.502,1.646,0.8111,VID_20260926_110911_Ball_C_D3.mp4
44,Factorial_3x3_Sealed,0,14,Ball_C,4,2.0,1.2,12.16,12.14,2.495,1.639,0.8099,VID_20260926_111228_Ball_C_D4.mp4
45,Factorial_3x3_Sealed,0,14,Ball_C,5,1.1,0.7,12.13,12.11,2.498,1.644,0.8112,VID_20260926_111545_Ball_C_D5.mp4
46,Factorial_3x3_Sealed,20,6,Ball_A,1,2.3,20.0,5.98,5.96,2.494,1.429,0.757,VID_20260926_111802_Ball_A_D1.mp4
47,Factorial_3x3_Sealed,20,6,Ball_A,2,1.8,20.0,6.01,5.99,2.497,1.433,0.7575,VID_20260926_112119_Ball_A_D2.mp4
48,Factorial_3x3_Sealed,20,6,Ball_A,3,1.8,20.0,6.03,6.01,2.496,1.43,0.7569,VID_20260926_112436_Ball_A_D3.mp4
49,Factorial_3x3_Sealed,20,6,Ball_A,4,1.1,20.0,5.98,5.96,2.497,1.432,0.7573,VID_20260926_112753_Ball_A_D4.mp4
50,Factorial_3x3_Sealed,20,6,Ball_A,5,1.1,20.0,6.02,6.0,2.5,1.433,0.7571,VID_20260926_113010_Ball_A_D5.mp4
51,Factorial_3x3_Sealed,20,6,Ball_B,1,1.9,20.0,6.03,6.01,2.502,1.455,0.7626,VID_20260926_113327_Ball_B_D1.mp4
52,Factorial_3x3_Sealed,20,6,Ball_B,2,1.3,20.0,5.97,5.95,2.497,1.451,0.7623,VID_20260926_113644_Ball_B_D2.mp4
53,Factorial_3x3_Sealed,20,6,Ball_B,3,1.7,20.0,6.03,6.01,2.498,1.453,0.7627,VID_20260926_113901_Ball_B_D3.mp4
54,Factorial_3x3_Sealed,20,6,Ball_B,4,1.0,20.0,5.99,5.97,2.502,1.454,0.7623,VID_20260926_114218_Ball_B_D4.mp4
55,Factorial_3x3_Sealed,20,6,Ball_B,5,0.7,20.0,5.99,5.97,2.501,1.451,0.7617,VID_20260926_114535_Ball_B_D5.mp4
56,Factorial_3x3_Sealed,20,6,Ball_C,1,2.4,20.0,6.06,6.04,2.5,1.428,0.7558,VID_20260926_114852_Ball_C_D1.mp4
57,Factorial_3x3_Sealed,20,6,Ball_C,2,1.0,20.0,5.99,5.97,2.498,1.423,0.7548,VID_20260926_115109_Ball_C_D2.mp4
58,Factorial_3x3_Sealed,20,6,Ball_C,3,1.8,20.0,6.02,6.0,2.5,1.425,0.755,VID_20260926_115426_Ball_C_D3.mp4
59,Factorial_3x3_Sealed,20,6,Ball_C,4,1.0,20.0,5.98,5.96,2.502,1.425,0.7547,VID_20260926_115743_Ball_C_D4.mp4
60,Factorial_3x3_Sealed,20,6,Ball_C,5,1.0,20.0,5.99,5.97,2.497,1.423,0.7549,VID_20260926_120000_Ball_C_D5.mp4
61,Factorial_3x3_Sealed,20,10,Ball_A,1,2.4,20.0,10.01,9.99,2.497,1.646,0.8119,VID_20260926_120317_Ball_A_D1.mp4
62,Factorial_3x3_Sealed,20,10,Ball_A,2,0.8,20.0,10.0,9.98,2.499,1.648,0.8121,VID_20260926_120634_Ball_A_D2.mp4
63,Factorial_3x3_Sealed,20,10,Ball_A,3,1.8,20.0,10.02,10.0,2.5,1.647,0.8117,VID_20260926_120951_Ball_A_D3.mp4
64,Factorial_3x3_Sealed,20,10,Ball_A,4,0.7,20.0,10.01,9.99,2.497,1.643,0.8111,VID_20260926_121208_Ball_A_D4.mp4
65,Factorial_3x3_Sealed,20,10,Ball_A,5,1.8,20.0,10.05,10.03,2.495,1.643,0.8115,VID_20260926_121525_Ball_A_D5.mp4
66,Factorial_3x3_Sealed,20,10,Ball_B,1,1.9,20.0,10.03,10.01,2.499,1.666,0.8165,VID_20260926_121842_Ball_B_D1.mp4
67,Factorial_3x3_Sealed,20,10,Ball_B,2,1.3,20.0,9.98,9.96,2.5,1.665,0.8161,VID_20260926_122159_Ball_B_D2.mp4
68,Factorial_3x3_Sealed,20,10,Ball_B,3,1.1,20.0,9.97,9.95,2.497,1.662,0.8158,VID_20260926_122416_Ball_B_D3.mp4
69,Factorial_3x3_Sealed,20,10,Ball_B,4,1.4,20.0,10.02,10.0,2.502,1.668,0.8165,VID_20260926_122733_Ball_B_D4.mp4
70,Factorial_3x3_Sealed,20,10,Ball_B,5,1.0,20.0,10.0,9.98,2.499,1.665,0.8163,VID_20260926_123050_Ball_B_D5.mp4
71,Factorial_3x3_Sealed,20,10,Ball_C,1,2.0,20.0,10.04,10.02,2.501,1.63,0.8073,VID_20260926_123307_Ball_C_D1.mp4
72,Factorial_3x3_Sealed,20,10,Ball_C,2,1.3,20.0,10.01,9.99,2.5,1.631,0.8077,VID_20260926_123624_Ball_C_D2.mp4
73,Factorial_3x3_Sealed,20,10,Ball_C,3,1.6,20.0,10.02,10.0,2.501,1.63,0.8073,VID_20260926_123941_Ball_C_D3.mp4
74,Factorial_3x3_Sealed,20,10,Ball_C,4,1.0,20.0,10.01,9.99,2.497,1.626,0.8069,VID_20260926_124258_Ball_C_D4.mp4
75,Factorial_3x3_Sealed,20,10,Ball_C,5,1.8,20.0,10.03,10.01,2.499,1.628,0.8071,VID_20260926_124515_Ball_C_D5.mp4
76,Factorial_3x3_Sealed,20,14,Ball_A,1,0.7,20.0,13.99,13.97,2.5,1.815,0.8521,VID_20260926_124832_Ball_A_D1.mp4
77,Factorial_3x3_Sealed,20,14,Ball_A,2,0.9,20.0,14.02,14.0,2.501,1.816,0.8521,VID_20260926_125149_Ball_A_D2.mp4
78,Factorial_3x3_Sealed,20,14,Ball_A,3,1.6,20.0,14.0,13.98,2.498,1.812,0.8517,VID_20260926_125406_Ball_A_D3.mp4
79,Factorial_3x3_Sealed,20,14,Ball_A,4,2.0,20.0,14.04,14.02,2.5,1.815,0.8521,VID_20260926_125723_Ball_A_D4.mp4
80,Factorial_3x3_Sealed,20,14,Ball_A,5,1.0,20.0,14.01,13.99,2.502,1.817,0.8522,VID_20260926_130040_Ball_A_D5.mp4
81,Factorial_3x3_Sealed,20,14,Ball_B,1,1.0,20.0,13.99,13.97,2.497,1.835,0.8573,VID_20260926_130357_Ball_B_D1.mp4
82,Factorial_3x3_Sealed,20,14,Ball_B,2,1.9,20.0,14.04,14.02,2.497,1.835,0.8573,VID_20260926_130614_Ball_B_D2.mp4
83,Factorial_3x3_Sealed,20,14,Ball_B,3,0.7,20.0,13.99,13.97,2.501,1.837,0.857,VID_20260926_130931_Ball_B_D3.mp4
84,Factorial_3x3_Sealed,20,14,Ball_B,4,1.8,20.0,14.03,14.01,2.5,1.836,0.857,VID_20260926_131248_Ball_B_D4.mp4
85,Factorial_3x3_Sealed,20,14,Ball_B,5,1.8,20.0,14.03,14.01,2.502,1.838,0.8571,VID_20260926_131505_Ball_B_D5.mp4
86,Factorial_3x3_Sealed,20,14,Ball_C,1,2.1,20.0,14.02,14.0,2.5,1.796,0.8476,VID_20260926_131822_Ball_C_D1.mp4
87,Factorial_3x3_Sealed,20,14,Ball_C,2,2.4,20.0,14.06,14.04,2.5,1.797,0.8478,VID_20260926_132139_Ball_C_D2.mp4
88,Factorial_3x3_Sealed,20,14,Ball_C,3,1.9,20.0,14.01,13.99,2.499,1.795,0.8475,VID_20260926_132456_Ball_C_D3.mp4
89,Factorial_3x3_Sealed,20,14,Ball_C,4,1.0,20.0,13.97,13.95,2.495,1.791,0.8472,VID_20260926_132713_Ball_C_D4.mp4
90,Factorial_3x3_Sealed,20,14,Ball_C,5,1.3,20.0,13.99,13.97,2.496,1.793,0.8475,VID_20260926_133030_Ball_C_D5.mp4
91,Factorial_3x3_Sealed,40,6,Ball_A,1,1.1,38.8,7.31,7.29,2.499,1.521,0.7802,VID_20260926_133347_Ball_A_D1.mp4
92,Factorial_3x3_Sealed,40,6,Ball_A,2,2.4,38.0,7.24,7.22,2.5,1.522,0.7803,VID_20260926_133604_Ball_A_D2.mp4
93,Factorial_3x3_Sealed,40,6,Ball_A,3,1.5,38.5,7.29,7.27,2.503,1.524,0.7803,VID_20260926_133921_Ball_A_D3.mp4
94,Factorial_3x3_Sealed,40,6,Ball_A,4,0.7,39.0,7.34,7.32,2.502,1.524,0.7805,VID_20260926_134238_Ball_A_D4.mp4
95,Factorial_3x3_Sealed,40,6,Ball_A,5,1.5,38.5,7.28,7.26,2.503,1.524,0.7803,VID_20260926_134555_Ball_A_D5.mp4
96,Factorial_3x3_Sealed,40,6,Ball_B,1,1.9,38.2,7.25,7.23,2.496,1.543,0.7862,VID_20260926_134812_Ball_B_D1.mp4
97,Factorial_3x3_Sealed,40,6,Ball_B,2,1.9,38.2,7.26,7.24,2.501,1.547,0.7865,VID_20260926_135129_Ball_B_D2.mp4
98,Factorial_3x3_Sealed,40,6,Ball_B,3,1.9,38.2,7.25,7.23,2.497,1.543,0.7861,VID_20260926_135446_Ball_B_D3.mp4
99,Factorial_3x3_Sealed,40,6,Ball_B,4,1.6,38.4,7.27,7.25,2.497,1.544,0.7863,VID_20260926_135703_Ball_B_D4.mp4
100,Factorial_3x3_Sealed,40,6,Ball_B,5,0.7,39.0,7.33,7.31,2.5,1.547,0.7866,VID_20260926_140020_Ball_B_D5.mp4
101,Factorial_3x3_Sealed,40,6,Ball_C,1,1.5,38.5,7.29,7.27,2.5,1.516,0.7787,VID_20260926_140337_Ball_C_D1.mp4
102,Factorial_3x3_Sealed,40,6,Ball_C,2,1.5,38.5,7.29,7.27,2.501,1.516,0.7786,VID_20260926_140654_Ball_C_D2.mp4
103,Factorial_3x3_Sealed,40,6,Ball_C,3,2.4,38.0,7.24,7.22,2.498,1.514,0.7785,VID_20260926_140911_Ball_C_D3.mp4
104,Factorial_3x3_Sealed,40,6,Ball_C,4,1.8,38.3,7.27,7.25,2.499,1.515,0.7786,VID_20260926_141228_Ball_C_D4.mp4
105,Factorial_3x3_Sealed,40,6,Ball_C,5,1.1,38.8,7.31,7.29,2.498,1.514,0.7785,VID_20260926_141545_Ball_C_D5.mp4
106,Factorial_3x3_Sealed,40,10,Ball_A,1,1.7,38.4,11.65,11.63,2.494,1.77,0.8424,VID_20260926_141802_Ball_A_D1.mp4
107,Factorial_3x3_Sealed,40,10,Ball_A,2,1.8,38.3,11.6,11.58,2.497,1.772,0.8424,VID_20260926_142119_Ball_A_D2.mp4
108,Factorial_3x3_Sealed,40,10,Ball_A,3,2.5,37.9,11.56,11.54,2.499,1.772,0.8421,VID_20260926_142436_Ball_A_D3.mp4
109,Factorial_3x3_Sealed,40,10,Ball_A,4,2.2,38.1,11.59,11.57,2.499,1.773,0.8423,VID_20260926_142753_Ball_A_D4.mp4
110,Factorial_3x3_Sealed,40,10,Ball_A,5,1.6,38.5,11.63,11.61,2.504,1.777,0.8424,VID_20260926_143010_Ball_A_D5.mp4
111,Factorial_3x3_Sealed,40,10,Ball_B,1,1.4,38.6,11.63,11.61,2.498,1.796,0.8479,VID_20260926_143327_Ball_B_D1.mp4
112,Factorial_3x3_Sealed,40,10,Ball_B,2,1.9,38.3,11.6,11.58,2.5,1.797,0.8478,VID_20260926_143644_Ball_B_D2.mp4
113,Factorial_3x3_Sealed,40,10,Ball_B,3,0.9,38.9,11.67,11.65,2.498,1.796,0.8479,VID_20260926_143901_Ball_B_D3.mp4
114,Factorial_3x3_Sealed,40,10,Ball_B,4,1.5,38.5,11.61,11.59,2.502,1.80,0.8482,VID_20260926_144218_Ball_B_D4.mp4
115,Factorial_3x3_Sealed,40,10,Ball_B,5,0.7,39.0,11.67,11.65,2.499,1.797,0.848,VID_20260926_144535_Ball_B_D5.mp4
116,Factorial_3x3_Sealed,40,10,Ball_C,1,2.2,38.1,11.58,11.56,2.503,1.777,0.8426,VID_20260926_144852_Ball_C_D1.mp4
117,Factorial_3x3_Sealed,40,10,Ball_C,2,1.0,38.9,11.66,11.64,2.502,1.777,0.8428,VID_20260926_145109_Ball_C_D2.mp4
118,Factorial_3x3_Sealed,40,10,Ball_C,3,2.4,38.0,11.56,11.54,2.498,1.773,0.8425,VID_20260926_145426_Ball_C_D3.mp4
119,Factorial_3x3_Sealed,40,10,Ball_C,4,1.2,38.7,11.63,11.61,2.498,1.774,0.8427,VID_20260926_145743_Ball_C_D4.mp4
120,Factorial_3x3_Sealed,40,10,Ball_C,5,1.7,38.4,11.62,11.6,2.503,1.777,0.8426,VID_20260926_150000_Ball_C_D5.mp4
121,Factorial_3x3_Sealed,40,14,Ball_A,1,1.1,38.8,15.93,15.91,2.496,1.943,0.8823,VID_20260926_150317_Ball_A_D1.mp4
122,Factorial_3x3_Sealed,40,14,Ball_A,2,0.8,39.0,15.97,15.95,2.496,1.944,0.8825,VID_20260926_150634_Ball_A_D2.mp4
123,Factorial_3x3_Sealed,40,14,Ball_A,3,2.4,38.0,15.82,15.8,2.499,1.944,0.882,VID_20260926_150951_Ball_A_D3.mp4
124,Factorial_3x3_Sealed,40,14,Ball_A,4,0.9,38.9,15.94,15.92,2.498,1.944,0.8822,VID_20260926_151208_Ball_A_D4.mp4
125,Factorial_3x3_Sealed,40,14,Ball_A,5,1.2,38.7,15.92,15.9,2.498,1.944,0.8822,VID_20260926_151525_Ball_A_D5.mp4
126,Factorial_3x3_Sealed,40,14,Ball_B,1,1.2,38.7,15.91,15.89,2.501,1.968,0.8871,VID_20260926_151842_Ball_B_D1.mp4
127,Factorial_3x3_Sealed,40,14,Ball_B,2,1.3,38.7,15.9,15.88,2.5,1.967,0.887,VID_20260926_152159_Ball_B_D2.mp4
128,Factorial_3x3_Sealed,40,14,Ball_B,3,0.5,39.2,15.98,15.96,2.5,1.968,0.8872,VID_20260926_152416_Ball_B_D3.mp4
129,Factorial_3x3_Sealed,40,14,Ball_B,4,1.8,38.3,15.85,15.83,2.497,1.964,0.8869,VID_20260926_152733_Ball_B_D4.mp4
130,Factorial_3x3_Sealed,40,14,Ball_B,5,1.6,38.5,15.88,15.86,2.497,1.965,0.887,VID_20260926_153050_Ball_B_D5.mp4
131,Factorial_3x3_Sealed,40,14,Ball_C,1,2.0,38.2,15.83,15.81,2.499,1.921,0.8768,VID_20260926_153307_Ball_C_D1.mp4
132,Factorial_3x3_Sealed,40,14,Ball_C,2,0.9,38.9,15.94,15.92,2.502,1.924,0.8769,VID_20260926_153624_Ball_C_D2.mp4
133,Factorial_3x3_Sealed,40,14,Ball_C,3,2.2,38.1,15.8,15.78,2.496,1.918,0.8766,VID_20260926_153941_Ball_C_D3.mp4
134,Factorial_3x3_Sealed,40,14,Ball_C,4,1.2,38.7,15.91,15.89,2.5,1.922,0.8768,VID_20260926_154258_Ball_C_D4.mp4
135,Factorial_3x3_Sealed,40,14,Ball_C,5,1.6,38.5,15.87,15.85,2.497,1.919,0.8766,VID_20260926_154515_Ball_C_D5.mp4
136,Matched_Pressure_10PSI,0,10,Ball_A,1,1.1,0.5,9.98,9.96,2.501,1.559,0.7895,VID_20260926_154832_MATCHED_Ball_A_D1.mp4
137,Matched_Pressure_10PSI,0,10,Ball_A,2,0.6,0.3,9.97,9.95,2.499,1.558,0.7896,VID_20260926_155149_MATCHED_Ball_A_D2.mp4
138,Matched_Pressure_10PSI,0,10,Ball_A,3,1.3,0.8,10.01,9.99,2.5,1.56,0.7899,VID_20260926_155406_MATCHED_Ball_A_D3.mp4
139,Matched_Pressure_10PSI,0,10,Ball_B,1,1.7,1.1,10.02,10.0,2.502,1.597,0.7989,VID_20260926_155723_MATCHED_Ball_B_D1.mp4
140,Matched_Pressure_10PSI,0,10,Ball_B,2,1.5,0.9,10.0,9.98,2.498,1.605,0.8016,VID_20260926_160040_MATCHED_Ball_B_D2.mp4
141,Matched_Pressure_10PSI,0,10,Ball_B,3,0.5,0.3,9.95,9.93,2.497,1.603,0.8012,VID_20260926_160357_MATCHED_Ball_B_D3.mp4
142,Matched_Pressure_10PSI,0,10,Ball_C,1,0.5,0.3,9.95,9.93,2.5,1.562,0.7904,VID_20260926_160614_MATCHED_Ball_C_D1.mp4
143,Matched_Pressure_10PSI,0,10,Ball_C,2,1.0,0.6,9.98,9.96,2.501,1.572,0.7928,VID_20260926_160931_MATCHED_Ball_C_D2.mp4
144,Matched_Pressure_10PSI,0,10,Ball_C,3,2.0,1.2,10.02,10.0,2.499,1.571,0.7929,VID_20260926_161248_MATCHED_Ball_C_D3.mp4
145,Matched_Pressure_10PSI,20,10,Ball_A,1,1.8,20.0,10.03,10.01,2.5,1.643,0.8107,VID_20260926_161505_MATCHED_Ball_A_D1.mp4
146,Matched_Pressure_10PSI,20,10,Ball_A,2,1.2,20.0,10.0,9.98,2.498,1.641,0.8105,VID_20260926_161822_MATCHED_Ball_A_D2.mp4
147,Matched_Pressure_10PSI,20,10,Ball_A,3,1.6,20.0,10.02,10.0,2.501,1.643,0.8105,VID_20260926_162139_MATCHED_Ball_A_D3.mp4
148,Matched_Pressure_10PSI,20,10,Ball_B,1,1.5,20.0,10.01,9.99,2.497,1.656,0.8143,VID_20260926_162456_MATCHED_Ball_B_D1.mp4
149,Matched_Pressure_10PSI,20,10,Ball_B,2,0.8,20.0,9.98,9.96,2.498,1.659,0.815,VID_20260926_162713_MATCHED_Ball_B_D2.mp4
150,Matched_Pressure_10PSI,20,10,Ball_B,3,0.9,20.0,9.98,9.96,2.5,1.661,0.8151,VID_20260926_163030_MATCHED_Ball_B_D3.mp4
151,Matched_Pressure_10PSI,20,10,Ball_C,1,0.7,20.0,9.97,9.95,2.5,1.616,0.804,VID_20260926_163347_MATCHED_Ball_C_D1.mp4
152,Matched_Pressure_10PSI,20,10,Ball_C,2,0.6,20.0,9.96,9.94,2.501,1.615,0.8036,VID_20260926_163604_MATCHED_Ball_C_D2.mp4
153,Matched_Pressure_10PSI,20,10,Ball_C,3,0.9,20.0,9.98,9.96,2.502,1.617,0.8039,VID_20260926_163921_MATCHED_Ball_C_D3.mp4
154,Matched_Pressure_10PSI,40,10,Ball_A,1,1.0,38.7,10.03,10.01,2.499,1.699,0.8245,VID_20260926_164238_MATCHED_Ball_A_D1.mp4
155,Matched_Pressure_10PSI,40,10,Ball_A,2,1.1,38.7,10.04,10.02,2.498,1.699,0.8247,VID_20260926_164555_MATCHED_Ball_A_D2.mp4
156,Matched_Pressure_10PSI,40,10,Ball_A,3,1.0,38.8,10.03,10.01,2.498,1.701,0.8252,VID_20260926_164812_MATCHED_Ball_A_D3.mp4
157,Matched_Pressure_10PSI,40,10,Ball_B,1,1.2,38.6,10.03,10.01,2.502,1.728,0.8311,VID_20260926_165129_MATCHED_Ball_B_D1.mp4
158,Matched_Pressure_10PSI,40,10,Ball_B,2,1.3,38.6,10.03,10.01,2.5,1.726,0.8309,VID_20260926_165446_MATCHED_Ball_B_D2.mp4
159,Matched_Pressure_10PSI,40,10,Ball_B,3,0.9,38.9,10.05,10.03,2.498,1.725,0.8309,VID_20260926_165703_MATCHED_Ball_B_D3.mp4
160,Matched_Pressure_10PSI,40,10,Ball_C,1,0.8,39.0,10.06,10.04,2.5,1.68,0.82,VID_20260926_170020_MATCHED_Ball_C_D1.mp4
161,Matched_Pressure_10PSI,40,10,Ball_C,2,1.8,39.0,9.9,9.88,2.499,1.675,0.8187,VID_20260926_220337_MATCHED_Ball_C_D2.mp4
162,Matched_Pressure_10PSI,40,10,Ball_C,3,0.7,39.1,10.07,10.05,2.501,1.692,0.8225,VID_20260926_170654_MATCHED_Ball_C_D3.mp4
