Drop_ID,Protocol,Session,Target_Temp_C,Ball_ID,Trial_Num,Pre_Impact_Press_PSI,Post_Impact_Press_PSI,Release_Height_m,Rebound_Height_m,Calculated_COR_e,Is_Baseline_Control
201,Baseline_Control,Session_2_Counterbalanced,20,Ball_A,1,9.97,9.96,2.5,1.646,0.8114,True
202,Matched_Counterbalanced,Session_2_Counterbalanced,40,Ball_A,1,9.98,9.96,2.502,1.708,0.8262,False
203,Matched_Counterbalanced,Session_2_Counterbalanced,40,Ball_A,2,10.03,10.02,2.499,1.706,0.8262,False
204,Matched_Counterbalanced,Session_2_Counterbalanced,40,Ball_A,3,10.01,10.0,2.501,1.71,0.8268,False
205,Matched_Counterbalanced,Session_2_Counterbalanced,20,Ball_A,1,9.98,9.97,2.501,1.642,0.8103,False
206,Matched_Counterbalanced,Session_2_Counterbalanced,20,Ball_A,2,9.97,9.95,2.496,1.641,0.8108,False
207,Matched_Counterbalanced,Session_2_Counterbalanced,20,Ball_A,3,9.98,9.96,2.497,1.637,0.8097,False
208,Matched_Counterbalanced,Session_2_Counterbalanced,0,Ball_A,1,9.96,9.94,2.503,1.558,0.789,False
209,Matched_Counterbalanced,Session_2_Counterbalanced,0,Ball_A,2,9.96,9.95,2.501,1.56,0.7898,False
210,Matched_Counterbalanced,Session_2_Counterbalanced,0,Ball_A,3,10.02,10.01,2.499,1.562,0.7906,False
211,Matched_Counterbalanced,Session_2_Counterbalanced,20,Ball_B,1,10.02,10.01,2.502,1.66,0.8145,False
212,Matched_Counterbalanced,Session_2_Counterbalanced,20,Ball_B,2,10.02,10.0,2.5,1.662,0.8154,False
213,Matched_Counterbalanced,Session_2_Counterbalanced,20,Ball_B,3,10.0,9.99,2.5,1.657,0.8141,False
214,Matched_Counterbalanced,Session_2_Counterbalanced,0,Ball_B,1,9.94,9.92,2.5,1.603,0.8008,False
215,Matched_Counterbalanced,Session_2_Counterbalanced,0,Ball_B,2,9.98,9.97,2.5,1.601,0.8002,False
216,Matched_Counterbalanced,Session_2_Counterbalanced,0,Ball_B,3,10.0,9.98,2.497,1.599,0.8002,False
217,Matched_Counterbalanced,Session_2_Counterbalanced,40,Ball_B,1,10.02,10.01,2.498,1.724,0.8308,False
218,Matched_Counterbalanced,Session_2_Counterbalanced,40,Ball_B,2,10.01,10.0,2.499,1.728,0.8316,False
219,Matched_Counterbalanced,Session_2_Counterbalanced,40,Ball_B,3,10.0,9.98,2.499,1.727,0.8313,False
220,Baseline_Control,Session_2_Counterbalanced,20,Ball_B,1,10.01,10.0,2.5,1.659,0.8146,True
221,Matched_Counterbalanced,Session_2_Counterbalanced,0,Ball_C,1,9.96,9.94,2.502,1.573,0.7929,False
222,Matched_Counterbalanced,Session_2_Counterbalanced,0,Ball_C,2,10.0,9.98,2.501,1.57,0.7923,False
223,Matched_Counterbalanced,Session_2_Counterbalanced,0,Ball_C,3,9.93,9.91,2.496,1.563,0.7913,False
224,Matched_Counterbalanced,Session_2_Counterbalanced,40,Ball_C,1,9.99,9.98,2.5,1.688,0.8217,False
225,Matched_Counterbalanced,Session_2_Counterbalanced,40,Ball_C,2,10.0,9.98,2.502,1.689,0.8216,False
226,Matched_Counterbalanced,Session_2_Counterbalanced,40,Ball_C,3,9.96,9.94,2.5,1.695,0.8234,False
227,Matched_Counterbalanced,Session_2_Counterbalanced,20,Ball_C,1,10.05,10.04,2.499,1.618,0.8047,False
228,Matched_Counterbalanced,Session_2_Counterbalanced,20,Ball_C,2,10.02,10.0,2.498,1.618,0.8048,False
229,Matched_Counterbalanced,Session_2_Counterbalanced,20,Ball_C,3,10.04,10.03,2.498,1.62,0.8053,False
230,Baseline_Control,Session_2_Counterbalanced,20,Ball_C,1,9.96,9.94,2.5,1.628,0.807,True
